{"cameraMode":{"drawMode":0,"name":"Shaded","section":"Shading Mode"},"sceneLighting":true,"audioPlay":false,"sceneViewState":{"showFog":true,"showMaterialUpdate":false,"showSkybox":true,"showFlares":true,"showImageEffects":true,"showParticleSystems":true},"in2DMode":false,"pivot":{"x":-3.765188455581665,"y":0.3771963119506836,"z":-0.04250536113977432},"rotation":{"x":0.3700723946094513,"y":0.05742368474602699,"z":-0.022821959108114244,"w":0.9270429015159607},"size":38.92494583129883,"orthographic":false}